{"train/loss": 0.0803, "train/learning_rate": 6.400000000000001e-05, "train/epoch": 18.13, "train/global_step": 340, "_timestamp": 1694829585.0548449, "_runtime": 1328.3841848373413, "_step": 33}