{"train/loss": 0.0, "train/learning_rate": 0.000172, "train/epoch": 3.73, "train/global_step": 70, "_timestamp": 1694824427.4145854, "_runtime": 290.08018040657043, "_step": 6, "_wandb": {"runtime": 2260}}