{"eval/loss": 1.038709282875061, "eval/runtime": 5.1891, "eval/samples_per_second": 11.563, "eval/steps_per_second": 1.542, "train/epoch": 7.2, "train/global_step": 54, "_timestamp": 1695239652.005488, "_runtime": 628.3244168758392, "_step": 23, "train/loss": 0.686, "train/learning_rate": 0.0001666666666666667, "train/train_runtime": 630.4875, "train/train_samples_per_second": 15.226, "train/train_steps_per_second": 0.476, "train/total_flos": 2215693226803200.0, "train/train_loss": 1.0776854245750993, "_wandb": {"runtime": 629}}