{"train/loss": 2.1851, "train/learning_rate": 0.000196, "train/epoch": 0.53, "train/global_step": 10, "_timestamp": 1694828007.0288532, "_runtime": 44.1205632686615, "_step": 0, "_wandb": {"runtime": 79}}