{"eval/loss": 1.6225318908691406, "eval/runtime": 5.2007, "eval/samples_per_second": 11.537, "eval/steps_per_second": 1.538, "train/epoch": 25.6, "train/global_step": 192, "_timestamp": 1695238687.9663286, "_runtime": 1785.064308643341, "_step": 50, "train/loss": 0.0489, "train/learning_rate": 7.333333333333333e-05, "_wandb": {"runtime": 1827}}